{
  "size": {
    "spectrum-global-dimension-static-font-size-50": {
      "value": "11",
      "comment": "desktop scale: 11 px | mobile scale: 13 px"
    },
    "spectrum-global-dimension-static-font-size-75": {
      "value": "12",
      "comment": "desktop scale: 12 px | mobile scale: 15 px"
    },
    "spectrum-global-dimension-static-font-size-100": {
      "value": "14",
      "comment": "(base size) desktop scale: 14 px | mobile scale: 17 px"
    },
    "spectrum-global-dimension-static-font-size-200": {
      "value": "16",
      "comment": "desktop scale: 16 px | mobile scale: 19 px"
    },
    "spectrum-global-dimension-static-font-size-300": {
      "value": "18",
      "comment": "desktop scale: 18 px | mobile scale: 22 px"
    },
    "spectrum-global-dimension-static-font-size-400": {
      "value": "20",
      "comment": "desktop scale: 20 px | mobile scale: 24 px"
    },
    "spectrum-global-dimension-static-font-size-500": {
      "value": "22",
      "comment": "desktop scale: 22 px | mobile scale: 27 px"
    },
    "spectrum-global-dimension-static-font-size-600": {
      "value": "25",
      "comment": "desktop scale: 25 px | mobile scale: 31 px"
    },
    "spectrum-global-dimension-static-font-size-700": {
      "value": "28",
      "comment": "desktop scale: 28 px | mobile scale: 34 px"
    },
    "spectrum-global-dimension-static-font-size-800": {
      "value": "32",
      "comment": "desktop scale: 32 px | mobile scale: 39 px"
    },
    "spectrum-global-dimension-static-font-size-900": {
      "value": "36",
      "comment": "desktop scale: 36 px | mobile scale: 44 px"
    },
    "spectrum-global-dimension-static-font-size-1000": {
      "value": "40",
      "comment": "desktop scale: 40 px | mobile scale: 49 px"
    }
  }
}
